<NotepadPlus>
    <UserLang name="snp" ext="txt" udlVersion="2.1">
        <Settings>
            <Global caseIgnored="yes" allowFoldOfComments="no" foldCompact="no" forcePureLC="0" decimalSeparator="0" />
            <Prefix Keywords1="no" Keywords2="no" Keywords3="no" Keywords4="no" Keywords5="yes" Keywords6="yes" Keywords7="no" Keywords8="no" />
        </Settings>
        <KeywordLists>
            <Keywords name="Comments">00// 01 02 03 04</Keywords>
            <Keywords name="Numbers, prefix1">1 2 3 4 5 6 7 8 9 0 A B C D E F a b c d e f</Keywords>
            <Keywords name="Numbers, prefix2">1 2 3 4 5 6 7 8 9 0 A B C D E F a b c d e f</Keywords>
            <Keywords name="Numbers, extras1">1 2 3 4 5 6 7 8 9 0 A B C D E F a b c d e f</Keywords>
            <Keywords name="Numbers, extras2"></Keywords>
            <Keywords name="Numbers, suffix1">1 2 3 4 5 6 7 8 9 0 A B C D E F a b c d e f</Keywords>
            <Keywords name="Numbers, suffix2">1 2 3 4 5 6 7 8 9 0 A B C D E F a b c d e f</Keywords>
            <Keywords name="Numbers, range"></Keywords>
            <Keywords name="Operators1">,</Keywords>
            <Keywords name="Operators2"></Keywords>
            <Keywords name="Folders in code1, open"></Keywords>
            <Keywords name="Folders in code1, middle"></Keywords>
            <Keywords name="Folders in code1, close"></Keywords>
            <Keywords name="Folders in code2, open"></Keywords>
            <Keywords name="Folders in code2, middle"></Keywords>
            <Keywords name="Folders in code2, close"></Keywords>
            <Keywords name="Folders in comment, open"></Keywords>
            <Keywords name="Folders in comment, middle"></Keywords>
            <Keywords name="Folders in comment, close"></Keywords>
            <Keywords name="Keywords1">clear reset load_script auto_response on off maclength&#x000D;&#x000A;set call return if else if endif pause sleep end&#x000D;&#x000A;for to step next&#x000D;&#x000A;&#x000D;&#x000A;message ?</Keywords>
            <Keywords name="Keywords2">3des_encode_ecb&#x000A;3des_decode_ecb&#x000A;3des_24k_encode_ecb&#x000A;3des_24k_decode_ecb&#x000A;3des_encode_cbc&#x000D;&#x000A;3des_decode_cbc&#x000A;3des_24k_encode_cbc&#x000A;3des_24k_decode_cbc&#x000D;&#x000A;atr&#x000A;appletaid&#x000A;auto_response&#x000A;add&#x000A;aes128_encode_ecb&#x000A;aes128_encode_cbc&#x000A;aes128_decode_ecb&#x000D;&#x000A;aes128_decode_cbc&#x000A;aes192_encode_ecb&#x000A;aes192_encode_cbc&#x000A;aes192_decode_ecb&#x000A;aes192_decode_cbc&#x000D;&#x000A;aes256_encode_ecb&#x000A;aes256_encode_cbc&#x000A;aes256_decode_ecb&#x000A;aes256_decode_cbc&#x000A;and&#x000A;atoi&#x000A;apdutime&#x000D;&#x000A;beep&#x000D;&#x000A;call&#x000A;cipherkey&#x000A;clear&#x000A;card&#x000A;cardmanager&#x000A;cardinfo&#x000A;clear_fifo&#x000A;connectless_crc_ab_file&#x000A;chenqi_crc_file&#x000D;&#x000A;compressed_bcd&#x000A;compare&#x000A;copyfile&#x000A;calc_ftsafe_serial&#x000D;&#x000A;do&#x000A;des_des_mac&#x000A;des_3des_mac&#x000A;data&#x000A;des_encode_ecb&#x000A;des_decode_ecb&#x000A;delete&#x000A;diversify&#x000A;des_encode_cbc&#x000D;&#x000A;des_decode_cbc&#x000A;datalen&#x000A;default_selected&#x000A;div&#x000A;dup&#x000A;datetime&#x000A;deletefile&#x000D;&#x000A;eject&#x000A;end&#x000A;else&#x000A;endif&#x000A;error&#x000A;exit&#x000A;ed_load&#x000A;ep_load&#x000A;ed_unload&#x000A;ed_purchase&#x000A;ep_purchase&#x000A;ed_cash_withdraw&#x000D;&#x000A;ecc_curve_id&#x000A;ecc_sign_verify&#x000A;ecc_keypair&#x000A;ecc_pub_encode&#x000A;ecc_pri_decode&#x000A;ecc_sign&#x000D;&#x000A;epass3003_stand_auth&#x000A;epass3003_stand_auth_2&#x000A;epass3003_stand_auth_3&#x000A;epass3003_stand_auth_4&#x000D;&#x000A;Snooper&#x000A;script&#x000A;programming&#x000A;language&#x000D;&#x000A;epass3003_stand_auth_n&#x000A;epass3003_stand_transmit&#x000A;epass3003_stand_transmit_2&#x000D;&#x000A;epass3003_stand_transmit_3&#x000A;epass3003_stand_transmit_4&#x000A;even&#x000D;&#x000A;fixed80&#x000A;for&#x000A;fips_ext_auth&#x000A;full_3des_mac&#x000A;fips_mac&#x000A;fileread&#x000A;fixed80_16&#x000D;&#x000A;hex2int&#x000D;&#x000A;if&#x000A;insert&#x000A;install&#x000A;instanceaid&#x000A;installdata&#x000A;itoa&#x000D;&#x000A;goto&#x000A;generate&#x000A;guomi_auth&#x000A;guomi_transmit&#x000A;getprotocol&#x000A;get_protocol&#x000A;get_package_aid&#x000A;get_applet_aid&#x000D;&#x000A;getinput&#x000D;&#x000A;message&#x000A;main&#x000A;mac_auto_mac&#x000A;maclength&#x000A;mid&#x000A;mac_length&#x000A;mul&#x000A;mod&#x000A;md5_hash&#x000A;md5_hash_nonfill&#x000D;&#x000A;md5_hash_lastblock&#x000D;&#x000A;next&#x000A;not_morethen&#x000A;not_lessthen&#x000D;&#x000A;loop&#x000A;load_script&#x000A;left&#x000A;leftpack&#x000D;&#x000A;jcop22_ext_auth&#x000A;jump_eq&#x000D;&#x000A;on&#x000A;off&#x000A;oem_encrdata&#x000A;oem_desmac&#x000A;oem_desjs&#x000A;oem_subkey&#x000A;oem_xortac&#x000A;oem_strset&#x000A;or&#x000A;odd&#x000D;&#x000A;putdeskey_oberthur&#x000A;pause&#x000A;packageaid&#x000A;pop&#x000D;&#x000A;readbinary&#x000A;reset&#x000A;rand&#x000A;ret&#x000A;return&#x000A;recvbuf&#x000A;result&#x000A;reverse_block_byte&#x000A;reverse_hilow_byte&#x000D;&#x000A;rockey6_crc32&#x000A;rsa_nd_decode&#x000A;rsa_pub_encode&#x000A;rsa_crt_decode&#x000A;rsa_keypair&#x000A;random&#x000A;right&#x000A;rightmid&#x000D;&#x000A;read_fifo&#x000A;runtime_replace&#x000D;&#x000A;scsi_transmit_64&#x000A;shutdown&#x000A;set&#x000A;save&#x000A;sw&#x000A;sendbuf&#x000A;superlong&#x000A;step&#x000A;select&#x000A;sendtext&#x000A;sleep&#x000A;sha1_hash_fill&#x000D;&#x000A;sub&#x000A;sha1_hash&#x000A;sha1_hash_nonfill&#x000A;sha1_hash_lastblock&#x000A;sha256_hash&#x000A;sha256_hash_nonfill&#x000D;&#x000A;sha256_hash_lastblock&#x000A;sm2_pub_encode&#x000A;sm2_pri_decode&#x000A;sm2_keypair&#x000A;sm3_hash&#x000A;sm3_hash_nonfill&#x000D;&#x000A;sm3_hash_lastblock&#x000A;sm4_encode_ecb&#x000A;sm4_decode_ecb&#x000A;sm4_encode_cbc&#x000A;sm4_decode_cbc&#x000A;sm4_mac&#x000A;sm2_sign&#x000D;&#x000A;sm2_sign_verify&#x000A;sm2_ecc_dh&#x000A;strlen&#x000A;show_different&#x000A;sha384_hash&#x000A;sha384_hash_nonfill&#x000D;&#x000A;sha384_hash_lastblock&#x000A;sha512_hash&#x000A;sha512_hash_nonfill&#x000A;sha512_hash_lastblock&#x000A;socket_message&#x000D;&#x000A;selectitem&#x000D;&#x000A;timer_begin&#x000A;timer_end&#x000A;trans_24k_3des_2kle&#x000A;timer&#x000D;&#x000A;updatebinary&#x000A;upload&#x000A;update_overdraw_limit&#x000A;uncompressed_bcd&#x000D;&#x000A;writecd&#x000A;write_fifo&#x000A;with&#x000A;writecd_2&#x000D;&#x000A;xor&#x000D;&#x000A;yes_no&#x000D;&#x000A;data&#x000A;result&#x000A;dup&#x000A;reverse_block_byte&#x000A;reverse_hilow_byte&#x000D;&#x000A;</Keywords>
            <Keywords name="Keywords3"></Keywords>
            <Keywords name="Keywords4"></Keywords>
            <Keywords name="Keywords5">A B C D E F G H I J K L M N O P Q R S T U V W X Y Z _ a b c d e f g h i j k l m n o p q r s t u v w x y z</Keywords>
            <Keywords name="Keywords6">$ ($ {$ [$</Keywords>
            <Keywords name="Keywords7"></Keywords>
            <Keywords name="Keywords8"></Keywords>
            <Keywords name="Delimiters">00&quot; 01 02&quot; 03[ 04 05] 06( 06&lt; 06{ 07 08) 08&gt; 08} 09 10 11 12 13 14 15 16 17 18 19 20 21 22 23</Keywords>
        </KeywordLists>
        <Styles>
            <WordsStyle name="DEFAULT" fgColor="000000" bgColor="FFFFFF" fontName="" fontStyle="0" fontSize="12" nesting="0" />
            <WordsStyle name="COMMENTS" fgColor="000000" bgColor="FFFFFF" fontName="" fontStyle="0" nesting="0" />
            <WordsStyle name="LINE COMMENTS" fgColor="008000" bgColor="FFFFFF" fontName="" fontStyle="0" nesting="0" />
            <WordsStyle name="NUMBERS" fgColor="FF8000" bgColor="FFFFFF" fontName="" fontStyle="0" nesting="0" />
            <WordsStyle name="KEYWORDS1" fgColor="0000FF" bgColor="FFFFFF" fontName="" fontStyle="3" nesting="0" />
            <WordsStyle name="KEYWORDS2" fgColor="000000" bgColor="FFFFFF" fontName="" fontStyle="1" nesting="0" />
            <WordsStyle name="KEYWORDS3" fgColor="000000" bgColor="FFFFFF" fontName="" fontStyle="1" nesting="0" />
            <WordsStyle name="KEYWORDS4" fgColor="000000" bgColor="FFFFFF" fontName="" fontStyle="1" nesting="0" />
            <WordsStyle name="KEYWORDS5" fgColor="000000" bgColor="FFFFFF" fontName="" fontStyle="0" nesting="0" />
            <WordsStyle name="KEYWORDS6" fgColor="0000A0" bgColor="FFFFFF" fontName="" fontStyle="0" nesting="0" />
            <WordsStyle name="KEYWORDS7" fgColor="000000" bgColor="FFFFFF" fontName="" fontStyle="0" nesting="0" />
            <WordsStyle name="KEYWORDS8" fgColor="000000" bgColor="FFFFFF" fontName="" fontStyle="0" nesting="0" />
            <WordsStyle name="OPERATORS" fgColor="000000" bgColor="FFFFFF" fontName="" fontStyle="0" nesting="0" />
            <WordsStyle name="FOLDER IN CODE1" fgColor="0000FF" bgColor="FFFFFF" fontName="" fontStyle="3" nesting="0" />
            <WordsStyle name="FOLDER IN CODE2" fgColor="000000" bgColor="FFFFFF" fontName="" fontStyle="0" nesting="0" />
            <WordsStyle name="FOLDER IN COMMENT" fgColor="000000" bgColor="FFFFFF" fontName="" fontStyle="0" nesting="0" />
            <WordsStyle name="DELIMITERS1" fgColor="000000" bgColor="FFFFFF" fontName="&#x4EFF;&#x5B8B;" fontStyle="0" nesting="0" />
            <WordsStyle name="DELIMITERS2" fgColor="800080" bgColor="FFFFFF" fontName="" fontStyle="0" nesting="32768" />
            <WordsStyle name="DELIMITERS3" fgColor="000000" bgColor="FFFFFF" fontName="" fontStyle="0" fontSize="14" nesting="83918850" />
            <WordsStyle name="DELIMITERS4" fgColor="000000" bgColor="FFFFFF" fontName="" fontStyle="0" nesting="0" />
            <WordsStyle name="DELIMITERS5" fgColor="000000" bgColor="FFFFFF" fontName="" fontStyle="0" nesting="0" />
            <WordsStyle name="DELIMITERS6" fgColor="000000" bgColor="FFFFFF" fontName="" fontStyle="0" nesting="0" />
            <WordsStyle name="DELIMITERS7" fgColor="000000" bgColor="FFFFFF" fontName="" fontStyle="0" nesting="0" />
            <WordsStyle name="DELIMITERS8" fgColor="000000" bgColor="FFFFFF" fontName="" fontStyle="0" nesting="0" />
        </Styles>
    </UserLang>
</NotepadPlus>
