<?xml version="1.0" encoding="Windows-1252" ?>
<NotepadPlus>
	<AutoComplete>
		<KeyWord name="3des_24k_decode_cbc" />
		<KeyWord name="3des_24k_decode_ecb" />
		<KeyWord name="3des_24k_encode_cbc" />
		<KeyWord name="3des_24k_encode_ecb" />
		<KeyWord name="3des_decode_cbc" />
		<KeyWord name="3des_decode_ecb" />
		<KeyWord name="3des_encode_cbc" />
		<KeyWord name="3des_encode_ecb" />
		<KeyWord name="Snooper" />
		<KeyWord name="add" />
		<KeyWord name="aes128_decode_cbc" />
		<KeyWord name="aes128_decode_ecb" />
		<KeyWord name="aes128_encode_cbc" />
		<KeyWord name="aes128_encode_ecb" />
		<KeyWord name="aes192_decode_cbc" />
		<KeyWord name="aes192_decode_ecb" />
		<KeyWord name="aes192_encode_cbc" />
		<KeyWord name="aes192_encode_ecb" />
		<KeyWord name="aes256_decode_cbc" />
		<KeyWord name="aes256_decode_ecb" />
		<KeyWord name="aes256_encode_cbc" />
		<KeyWord name="aes256_encode_ecb" />
		<KeyWord name="and" />
		<KeyWord name="apdutime" />
		<KeyWord name="appletaid" />
		<KeyWord name="atoi" />
		<KeyWord name="atr" />
		<KeyWord name="auto_response" />
		<KeyWord name="beep" />
		<KeyWord name="calc_ftsafe_serial" />
		<KeyWord name="call" />
		<KeyWord name="card" />
		<KeyWord name="cardinfo" />
		<KeyWord name="cardmanager" />
		<KeyWord name="chenqi_crc_file" />
		<KeyWord name="cipherkey" />
		<KeyWord name="clear" />
		<KeyWord name="clear_fifo" />
		<KeyWord name="compare" />
		<KeyWord name="compressed_bcd" />
		<KeyWord name="connectless_crc_ab_file" />
		<KeyWord name="copyfile" />
		<KeyWord name="data" />
		<KeyWord name="datalen" />
		<KeyWord name="datetime" />
		<KeyWord name="default_selected" />
		<KeyWord name="delete" />
		<KeyWord name="deletefile" />
		<KeyWord name="des_3des_mac" />
		<KeyWord name="des_decode_cbc" />
		<KeyWord name="des_decode_ecb" />
		<KeyWord name="des_des_mac" />
		<KeyWord name="des_encode_cbc" />
		<KeyWord name="des_encode_ecb" />
		<KeyWord name="div" />
		<KeyWord name="diversify" />
		<KeyWord name="do" />
		<KeyWord name="dup" />
		<KeyWord name="ecc_curve_id" />
		<KeyWord name="ecc_keypair" />
		<KeyWord name="ecc_pri_decode" />
		<KeyWord name="ecc_pub_encode" />
		<KeyWord name="ecc_sign" />
		<KeyWord name="ecc_sign_verify" />
		<KeyWord name="ed_cash_withdraw" />
		<KeyWord name="ed_load" />
		<KeyWord name="ed_purchase" />
		<KeyWord name="ed_unload" />
		<KeyWord name="eject" />
		<KeyWord name="else" />
		<KeyWord name="end" />
		<KeyWord name="endif" />
		<KeyWord name="ep_load" />
		<KeyWord name="ep_purchase" />
		<KeyWord name="epass3003_stand_auth" />
		<KeyWord name="epass3003_stand_auth_2" />
		<KeyWord name="epass3003_stand_auth_3" />
		<KeyWord name="epass3003_stand_auth_4" />
		<KeyWord name="epass3003_stand_auth_n" />
		<KeyWord name="epass3003_stand_transmit" />
		<KeyWord name="epass3003_stand_transmit_2" />
		<KeyWord name="epass3003_stand_transmit_3" />
		<KeyWord name="epass3003_stand_transmit_4" />
		<KeyWord name="error" />
		<KeyWord name="even" />
		<KeyWord name="exit" />
		<KeyWord name="fileread" />
		<KeyWord name="fips_ext_auth" />
		<KeyWord name="fips_mac" />
		<KeyWord name="fixed80" />
		<KeyWord name="fixed80_16" />
		<KeyWord name="for" />
		<KeyWord name="full_3des_mac" />
		<KeyWord name="generate" />
		<KeyWord name="get_applet_aid" />
		<KeyWord name="get_package_aid" />
		<KeyWord name="get_protocol" />
		<KeyWord name="getinput" />
		<KeyWord name="getprotocol" />
		<KeyWord name="goto" />
		<KeyWord name="guomi_auth" />
		<KeyWord name="guomi_transmit" />
		<KeyWord name="hex2int" />
		<KeyWord name="if" />
		<KeyWord name="insert" />
		<KeyWord name="install" />
		<KeyWord name="installdata" />
		<KeyWord name="instanceaid" />
		<KeyWord name="itoa" />
		<KeyWord name="jcop22_ext_auth" />
		<KeyWord name="jump_eq" />
		<KeyWord name="language" />
		<KeyWord name="left" />
		<KeyWord name="leftpack" />
		<KeyWord name="load_script" />
		<KeyWord name="loop" />
		<KeyWord name="mac_auto_mac" />
		<KeyWord name="mac_length" />
		<KeyWord name="maclength" />
		<KeyWord name="main" />
		<KeyWord name="md5_hash" />
		<KeyWord name="md5_hash_lastblock" />
		<KeyWord name="md5_hash_nonfill" />
		<KeyWord name="message" />
		<KeyWord name="mid" />
		<KeyWord name="mod" />
		<KeyWord name="mul" />
		<KeyWord name="next" />
		<KeyWord name="not_lessthen" />
		<KeyWord name="not_morethen" />
		<KeyWord name="odd" />
		<KeyWord name="oem_desjs" />
		<KeyWord name="oem_desmac" />
		<KeyWord name="oem_encrdata" />
		<KeyWord name="oem_strset" />
		<KeyWord name="oem_subkey" />
		<KeyWord name="oem_xortac" />
		<KeyWord name="off" />
		<KeyWord name="on" />
		<KeyWord name="or" />
		<KeyWord name="packageaid" />
		<KeyWord name="pause" />
		<KeyWord name="pop" />
		<KeyWord name="programming" />
		<KeyWord name="putdeskey_oberthur" />
		<KeyWord name="rand" />
		<KeyWord name="random" />
		<KeyWord name="read_fifo" />
		<KeyWord name="readbinary" />
		<KeyWord name="recvbuf" />
		<KeyWord name="reset" />
		<KeyWord name="result" />
		<KeyWord name="ret" />
		<KeyWord name="return" />
		<KeyWord name="reverse_block_byte" />
		<KeyWord name="reverse_hilow_byte" />
		<KeyWord name="right" />
		<KeyWord name="rightmid" />
		<KeyWord name="rockey6_crc32" />
		<KeyWord name="rsa_crt_decode" />
		<KeyWord name="rsa_keypair" />
		<KeyWord name="rsa_nd_decode" />
		<KeyWord name="rsa_pub_encode" />
		<KeyWord name="runtime_replace" />
		<KeyWord name="save" />
		<KeyWord name="script" />
		<KeyWord name="scsi_transmit_64" />
		<KeyWord name="select" />
		<KeyWord name="selectitem" />
		<KeyWord name="sendbuf" />
		<KeyWord name="sendtext" />
		<KeyWord name="set" />
		<KeyWord name="sha1_hash" />
		<KeyWord name="sha1_hash_fill" />
		<KeyWord name="sha1_hash_lastblock" />
		<KeyWord name="sha1_hash_nonfill" />
		<KeyWord name="sha256_hash" />
		<KeyWord name="sha256_hash_lastblock" />
		<KeyWord name="sha256_hash_nonfill" />
		<KeyWord name="sha384_hash" />
		<KeyWord name="sha384_hash_lastblock" />
		<KeyWord name="sha384_hash_nonfill" />
		<KeyWord name="sha512_hash" />
		<KeyWord name="sha512_hash_lastblock" />
		<KeyWord name="sha512_hash_nonfill" />
		<KeyWord name="show_different" />
		<KeyWord name="shutdown" />
		<KeyWord name="sleep" />
		<KeyWord name="sm2_ecc_dh" />
		<KeyWord name="sm2_keypair" />
		<KeyWord name="sm2_pri_decode" />
		<KeyWord name="sm2_pub_encode" />
		<KeyWord name="sm2_sign" />
		<KeyWord name="sm2_sign_verify" />
		<KeyWord name="sm3_hash" />
		<KeyWord name="sm3_hash_lastblock" />
		<KeyWord name="sm3_hash_nonfill" />
		<KeyWord name="sm4_decode_cbc" />
		<KeyWord name="sm4_decode_ecb" />
		<KeyWord name="sm4_encode_cbc" />
		<KeyWord name="sm4_encode_ecb" />
		<KeyWord name="sm4_mac" />
		<KeyWord name="socket_message" />
		<KeyWord name="step" />
		<KeyWord name="strlen" />
		<KeyWord name="sub" />
		<KeyWord name="superlong" />
		<KeyWord name="sw" />
		<KeyWord name="timer" />
		<KeyWord name="timer_begin" />
		<KeyWord name="timer_end" />
		<KeyWord name="trans_24k_3des_2kle" />
		<KeyWord name="uncompressed_bcd" />
		<KeyWord name="update_overdraw_limit" />
		<KeyWord name="updatebinary" />
		<KeyWord name="upload" />
		<KeyWord name="with" />
		<KeyWord name="write_fifo" />
		<KeyWord name="writecd" />
		<KeyWord name="writecd_2" />
		<KeyWord name="xor" />
		<KeyWord name="yes_no" />
		<KeyWord name="3des_24k_decode_cbc" />
		<KeyWord name="3des_24k_decode_ecb" />
		<KeyWord name="3des_24k_encode_cbc" />
		<KeyWord name="3des_24k_encode_ecb" />
		<KeyWord name="3des_decode_cbc" />
		<KeyWord name="3des_decode_ecb" />
		<KeyWord name="3des_encode_cbc" />
		<KeyWord name="3des_encode_ecb" />
		<KeyWord name="Snooper" />
		<KeyWord name="add" />
		<KeyWord name="aes128_decode_cbc" />
		<KeyWord name="aes128_decode_ecb" />
		<KeyWord name="aes128_encode_cbc" />
		<KeyWord name="aes128_encode_ecb" />
		<KeyWord name="aes192_decode_cbc" />
		<KeyWord name="aes192_decode_ecb" />
		<KeyWord name="aes192_encode_cbc" />
		<KeyWord name="aes192_encode_ecb" />
		<KeyWord name="aes256_decode_cbc" />
		<KeyWord name="aes256_decode_ecb" />
		<KeyWord name="aes256_encode_cbc" />
		<KeyWord name="aes256_encode_ecb" />
		<KeyWord name="and" />
		<KeyWord name="apdutime" />
		<KeyWord name="appletaid" />
		<KeyWord name="atoi" />
		<KeyWord name="atr" />
		<KeyWord name="auto_response" />
		<KeyWord name="beep" />
		<KeyWord name="calc_ftsafe_serial" />
		<KeyWord name="call" />
		<KeyWord name="card" />
		<KeyWord name="cardinfo" />
		<KeyWord name="cardmanager" />
		<KeyWord name="chenqi_crc_file" />
		<KeyWord name="cipherkey" />
		<KeyWord name="clear" />
		<KeyWord name="clear_fifo" />
		<KeyWord name="compare" />
		<KeyWord name="compressed_bcd" />
		<KeyWord name="connectless_crc_ab_file" />
		<KeyWord name="copyfile" />
		<KeyWord name="data" />
		<KeyWord name="datalen" />
		<KeyWord name="datetime" />
		<KeyWord name="default_selected" />
		<KeyWord name="delete" />
		<KeyWord name="deletefile" />
		<KeyWord name="des_3des_mac" />
		<KeyWord name="des_decode_cbc" />
		<KeyWord name="des_decode_ecb" />
		<KeyWord name="des_des_mac" />
		<KeyWord name="des_encode_cbc" />
		<KeyWord name="des_encode_ecb" />
		<KeyWord name="div" />
		<KeyWord name="diversify" />
		<KeyWord name="do" />
		<KeyWord name="dup" />
		<KeyWord name="ecc_curve_id" />
		<KeyWord name="ecc_keypair" />
		<KeyWord name="ecc_pri_decode" />
		<KeyWord name="ecc_pub_encode" />
		<KeyWord name="ecc_sign" />
		<KeyWord name="ecc_sign_verify" />
		<KeyWord name="ed_cash_withdraw" />
		<KeyWord name="ed_load" />
		<KeyWord name="ed_purchase" />
		<KeyWord name="ed_unload" />
		<KeyWord name="eject" />
		<KeyWord name="else" />
		<KeyWord name="end" />
		<KeyWord name="endif" />
		<KeyWord name="ep_load" />
		<KeyWord name="ep_purchase" />
		<KeyWord name="epass3003_stand_auth" />
		<KeyWord name="epass3003_stand_auth_2" />
		<KeyWord name="epass3003_stand_auth_3" />
		<KeyWord name="epass3003_stand_auth_4Snooper" />
		<KeyWord name="epass3003_stand_auth_n" />
		<KeyWord name="epass3003_stand_transmit" />
		<KeyWord name="epass3003_stand_transmit_2" />
		<KeyWord name="epass3003_stand_transmit_3" />
		<KeyWord name="epass3003_stand_transmit_4" />
		<KeyWord name="error" />
		<KeyWord name="even" />
		<KeyWord name="exit" />
		<KeyWord name="fileread" />
		<KeyWord name="fips_ext_auth" />
		<KeyWord name="fips_mac" />
		<KeyWord name="fixed80" />
		<KeyWord name="fixed80_16" />
		<KeyWord name="for" />
		<KeyWord name="full_3des_mac" />
		<KeyWord name="generate" />
		<KeyWord name="get_applet_aid" />
		<KeyWord name="get_package_aid" />
		<KeyWord name="get_protocol" />
		<KeyWord name="getinput" />
		<KeyWord name="getprotocol" />
		<KeyWord name="goto" />
		<KeyWord name="guomi_auth" />
		<KeyWord name="guomi_transmit" />
		<KeyWord name="hex2int" />
		<KeyWord name="if" />
		<KeyWord name="insert" />
		<KeyWord name="install" />
		<KeyWord name="installdata" />
		<KeyWord name="instanceaid" />
		<KeyWord name="itoa" />
		<KeyWord name="jcop22_ext_auth" />
		<KeyWord name="jump_eq" />
		<KeyWord name="language" />
		<KeyWord name="left" />
		<KeyWord name="leftpack" />
		<KeyWord name="load_script" />
		<KeyWord name="loop" />
		<KeyWord name="mac_auto_mac" />
		<KeyWord name="mac_length" />
		<KeyWord name="maclength" />
		<KeyWord name="main" />
		<KeyWord name="md5_hash" />
		<KeyWord name="md5_hash_lastblock" />
		<KeyWord name="md5_hash_nonfill" />
		<KeyWord name="message" />
		<KeyWord name="mid" />
		<KeyWord name="mod" />
		<KeyWord name="mul" />
		<KeyWord name="next" />
		<KeyWord name="not_lessthen" />
		<KeyWord name="not_morethen" />
		<KeyWord name="odd" />
		<KeyWord name="oem_desjs" />
		<KeyWord name="oem_desmac" />
		<KeyWord name="oem_encrdata" />
		<KeyWord name="oem_strset" />
		<KeyWord name="oem_subkey" />
		<KeyWord name="oem_xortac" />
		<KeyWord name="off" />
		<KeyWord name="on" />
		<KeyWord name="or" />
		<KeyWord name="packageaid" />
		<KeyWord name="pause" />
		<KeyWord name="pop" />
		<KeyWord name="programming" />
		<KeyWord name="putdeskey_oberthur" />
		<KeyWord name="rand" />
		<KeyWord name="random" />
		<KeyWord name="read_fifo" />
		<KeyWord name="readbinary" />
		<KeyWord name="recvbuf" />
		<KeyWord name="reset" />
		<KeyWord name="result" />
		<KeyWord name="ret" />
		<KeyWord name="return" />
		<KeyWord name="reverse_block_byte" />
		<KeyWord name="reverse_hilow_byte" />
		<KeyWord name="right" />
		<KeyWord name="rightmid" />
		<KeyWord name="rockey6_crc32" />
		<KeyWord name="rsa_crt_decode" />
		<KeyWord name="rsa_keypair" />
		<KeyWord name="rsa_nd_decode" />
		<KeyWord name="rsa_pub_encode" />
		<KeyWord name="runtime_replace" />
		<KeyWord name="save" />
		<KeyWord name="script" />
		<KeyWord name="scsi_transmit_64" />
		<KeyWord name="select" />
		<KeyWord name="selectitem" />
		<KeyWord name="sendbuf" />
		<KeyWord name="sendtext" />
		<KeyWord name="set" />
		<KeyWord name="sha1_hash" />
		<KeyWord name="sha1_hash_fill" />
		<KeyWord name="sha1_hash_lastblock" />
		<KeyWord name="sha1_hash_nonfill" />
		<KeyWord name="sha256_hash" />
		<KeyWord name="sha256_hash_lastblock" />
		<KeyWord name="sha256_hash_nonfill" />
		<KeyWord name="sha384_hash" />
		<KeyWord name="sha384_hash_lastblock" />
		<KeyWord name="sha384_hash_nonfill" />
		<KeyWord name="sha512_hash" />
		<KeyWord name="sha512_hash_lastblock" />
		<KeyWord name="sha512_hash_nonfill" />
		<KeyWord name="show_different" />
		<KeyWord name="shutdown" />
		<KeyWord name="sleep" />
		<KeyWord name="sm2_ecc_dh" />
		<KeyWord name="sm2_keypair" />
		<KeyWord name="sm2_pri_decode" />
		<KeyWord name="sm2_pub_encode" />
		<KeyWord name="sm2_sign" />
		<KeyWord name="sm2_sign_verify" />
		<KeyWord name="sm3_hash" />
		<KeyWord name="sm3_hash_lastblock" />
		<KeyWord name="sm3_hash_nonfill" />
		<KeyWord name="sm4_decode_cbc" />
		<KeyWord name="sm4_decode_ecb" />
		<KeyWord name="sm4_encode_cbc" />
		<KeyWord name="sm4_encode_ecb" />
		<KeyWord name="sm4_mac" />
		<KeyWord name="socket_message" />
		<KeyWord name="step" />
		<KeyWord name="strlen" />
		<KeyWord name="sub" />
		<KeyWord name="superlong" />
		<KeyWord name="sw" />
		<KeyWord name="timer" />
		<KeyWord name="timer_begin" />
		<KeyWord name="timer_end" />
		<KeyWord name="trans_24k_3des_2kle" />
		<KeyWord name="uncompressed_bcd" />
		<KeyWord name="update_overdraw_limit" />
		<KeyWord name="updatebinary" />
		<KeyWord name="upload" />
		<KeyWord name="with" />
		<KeyWord name="write_fifo" />
		<KeyWord name="writecd" />
		<KeyWord name="writecd_2" />
		<KeyWord name="xor" />
		<KeyWord name="yes_no" />
	</AutoComplete>
</NotepadPlus>